congress,citation,description,organization,received_date,is_civilian,status,status_date,url
119,PN620,,Coast Guard,2025-10-23,True,Confirmed by the Senate by Voice Vote.,2026-02-12,https://api.congress.gov/v3/nomination/119/620?format=json
119,PN730-62,"Robert Sweeney, of Texas, to be United States Director of the Asian Development Bank, with the rank of Ambassador, vice Chantale Yokmin Wong, resigned.",Asian Development Bank,2026-01-13,True,Committee on Foreign Relations. Hearings held.,2026-02-12,https://api.congress.gov/v3/nomination/119/730-62?format=json
119,PN730-12,"Wesley Brooks, of Florida, to be Assistant Secretary of State for Oceans and International Environmental and Scientific Affairs, vice Monica P. Medina, resigned.",Department of State,2026-01-13,True,Committee on Foreign Relations. Hearings held.,2026-02-12,https://api.congress.gov/v3/nomination/119/730-12?format=json
119,PN806-5,"Kevin Lilly, of Texas, to be Assistant Secretary for Fish and Wildlife, vice Shannon Aneal Estenoz, resigned.",Department of the Interior,2026-02-11,True,Referred jointly to the Committee on Energy and Natural Resources; Environment and Public Works by unanimous consent.,2026-02-12,https://api.congress.gov/v3/nomination/119/806-5?format=json
119,PN730-43,"William Long, of Missouri, to be Ambassador Extraordinary and Plenipotentiary of the United States of America to the Republic of Iceland.",Department of State,2026-01-13,True,Committee on Foreign Relations. Hearings held.,2026-02-12,https://api.congress.gov/v3/nomination/119/730-43?format=json
119,PN730-13,"Jeremy Carl, of Montana, to be an Assistant Secretary of State (International Organizations), vice Michele Jeanne Sison.",Department of State,2026-01-13,True,Committee on Foreign Relations. Hearings held.,2026-02-12,https://api.congress.gov/v3/nomination/119/730-13?format=json
119,PN808,,Air Force,2026-02-11,True,Received in the Senate and referred to the Committee on Armed Services.,2026-02-11,https://api.congress.gov/v3/nomination/119/808?format=json
119,PN813,,Air Force,2026-02-11,True,Received in the Senate and referred to the Committee on Armed Services.,2026-02-11,https://api.congress.gov/v3/nomination/119/813?format=json
119,PN806-4,"Steven Lewis, of Missouri, to be United States Marshal for the Eastern District of Missouri, for the term of four years, vice John D. Jordan, term expired.",Department of Justice,2026-02-11,True,Received in the Senate and referred to the Committee on the Judiciary.,2026-02-11,https://api.congress.gov/v3/nomination/119/806-4?format=json
119,PN806-6,"Asel Roberts, of Virginia, to be Ambassador Extraordinary and Plenipotentiary of the United States of America to the Republic of Slovenia.",Department of State,2026-02-11,True,Received in the Senate and referred to the Committee on Foreign Relations.,2026-02-11,https://api.congress.gov/v3/nomination/119/806-6?format=json
119,PN806-3,"Kyle Haustveit, of North Dakota, to be Under Secretary of Energy, vice Preston Griffith, resigned.",Department of Energy,2026-02-11,True,Received in the Senate and referred to the Committee on Energy and Natural Resources.,2026-02-11,https://api.congress.gov/v3/nomination/119/806-3?format=json
119,PN806-8,"Scott Socha, of New York, to be Director of the National Park Service, vice Charles F. Sams III, resigned.",Department of the Interior,2026-02-11,True,Received in the Senate and referred to the Committee on Energy and Natural Resources.,2026-02-11,https://api.congress.gov/v3/nomination/119/806-8?format=json
119,PN806-2,"William Hague, of Washington, to be an Assistant Secretary of the Interior, vice Carmen G. Cantor, resigned.",Department of the Interior,2026-02-11,True,Received in the Senate and referred to the Committee on Energy and Natural Resources.,2026-02-11,https://api.congress.gov/v3/nomination/119/806-2?format=json
119,PN806-9,"Todd Steggerda, of Virginia, to be Representative of the United States of America to the Office of the United Nations and Other International Organizations in Geneva, with the rank of Ambassador.",Department of State,2026-02-11,True,Received in the Senate and referred to the Committee on Foreign Relations.,2026-02-11,https://api.congress.gov/v3/nomination/119/806-9?format=json
119,PN815,,Air Force,2026-02-11,True,Received in the Senate and referred to the Committee on Armed Services.,2026-02-11,https://api.congress.gov/v3/nomination/119/815?format=json
119,PN816,,Air Force,2026-02-11,True,Received in the Senate and referred to the Committee on Armed Services.,2026-02-11,https://api.congress.gov/v3/nomination/119/816?format=json
119,PN809,,Air Force,2026-02-11,True,Received in the Senate and referred to the Committee on Armed Services.,2026-02-11,https://api.congress.gov/v3/nomination/119/809?format=json
119,PN811,,Air Force,2026-02-11,True,Received in the Senate and referred to the Committee on Armed Services.,2026-02-11,https://api.congress.gov/v3/nomination/119/811?format=json
119,PN806-10,"Ashley Stow, of Texas, to be a Member of the Federal Election Commission for a term expiring April 30, 2029, vice James E. Trainor III, term expired.",Federal Election Commission,2026-02-11,True,Received in the Senate and referred to the Committee on Rules and Administration.,2026-02-11,https://api.congress.gov/v3/nomination/119/806-10?format=json
119,PN806-11,"Andrew Woodson, of Virginia, to be a Member of the Federal Election Commission for a term expiring April 30, 2031, vice Allen Dickerson, term expired.",Federal Election Commission,2026-02-11,True,Received in the Senate and referred to the Committee on Rules and Administration.,2026-02-11,https://api.congress.gov/v3/nomination/119/806-11?format=json
119,PN805,"George Kelesis, of Nevada, to be United States Attorney for the District of Nevada for the term of four years, vice Jason M. Frierson.",Department of Justice,2026-02-11,True,Received in the Senate and referred to the Committee on the Judiciary.,2026-02-11,https://api.congress.gov/v3/nomination/119/805?format=json
119,PN812,,Air Force,2026-02-11,True,Received in the Senate and referred to the Committee on Armed Services.,2026-02-11,https://api.congress.gov/v3/nomination/119/812?format=json
119,PN814,,Air Force,2026-02-11,True,Received in the Senate and referred to the Committee on Armed Services.,2026-02-11,https://api.congress.gov/v3/nomination/119/814?format=json
119,PN810,,Air Force,2026-02-11,True,Received in the Senate and referred to the Committee on Armed Services.,2026-02-11,https://api.congress.gov/v3/nomination/119/810?format=json
119,PN806-1,"Catherine Dillon, of Maryland, to be an Assistant Secretary of State (Educational and Cultural Affairs), vice Lee Satterfield, resigned.",Department of State,2026-02-11,True,Received in the Senate and referred to the Committee on Foreign Relations.,2026-02-11,https://api.congress.gov/v3/nomination/119/806-1?format=json
119,PN807,,Air Force,2026-02-11,True,Received in the Senate and referred to the Committee on Armed Services.,2026-02-11,https://api.congress.gov/v3/nomination/119/807?format=json
119,PN806-7,"Karen Sessions, of Texas, to be a Commissioner of the Consumer Product Safety Commission for a term of seven years from October 27, 2025, vice Mary T. Boyle, term expired.",Consumer Product Safety Commission,2026-02-11,True,"Received in the Senate and referred to the Committee on Commerce, Science, and Transportation.",2026-02-11,https://api.congress.gov/v3/nomination/119/806-7?format=json
119,PN822,,Air Force,2026-02-11,True,Received in the Senate and referred to the Committee on Armed Services.,2026-02-11,https://api.congress.gov/v3/nomination/119/822?format=json
119,PN821,,Air Force,2026-02-11,True,Received in the Senate and referred to the Committee on Armed Services.,2026-02-11,https://api.congress.gov/v3/nomination/119/821?format=json
119,PN823,,Air Force,2026-02-11,True,Received in the Senate and referred to the Committee on Armed Services.,2026-02-11,https://api.congress.gov/v3/nomination/119/823?format=json
119,PN824,,Air Force,2026-02-11,True,Received in the Senate and referred to the Committee on Armed Services.,2026-02-11,https://api.congress.gov/v3/nomination/119/824?format=json
119,PN818,,Air Force,2026-02-11,True,Received in the Senate and referred to the Committee on Armed Services.,2026-02-11,https://api.congress.gov/v3/nomination/119/818?format=json
119,PN820,,Air Force,2026-02-11,True,Received in the Senate and referred to the Committee on Armed Services.,2026-02-11,https://api.congress.gov/v3/nomination/119/820?format=json
119,PN826,,Air Force,2026-02-11,True,Received in the Senate and referred to the Committee on Armed Services.,2026-02-11,https://api.congress.gov/v3/nomination/119/826?format=json
119,PN828,,Air Force,2026-02-11,True,Received in the Senate and referred to the Committee on Armed Services.,2026-02-11,https://api.congress.gov/v3/nomination/119/828?format=json
119,PN829,,Air Force,2026-02-11,True,Received in the Senate and referred to the Committee on Armed Services.,2026-02-11,https://api.congress.gov/v3/nomination/119/829?format=json
119,PN817,,Air Force,2026-02-11,True,Received in the Senate and referred to the Committee on Armed Services.,2026-02-11,https://api.congress.gov/v3/nomination/119/817?format=json
119,PN827,,Air Force,2026-02-11,True,Received in the Senate and referred to the Committee on Armed Services.,2026-02-11,https://api.congress.gov/v3/nomination/119/827?format=json
119,PN819,,Air Force,2026-02-11,True,Received in the Senate and referred to the Committee on Armed Services.,2026-02-11,https://api.congress.gov/v3/nomination/119/819?format=json
119,PN825,,Air Force,2026-02-11,True,Received in the Senate and referred to the Committee on Armed Services.,2026-02-11,https://api.congress.gov/v3/nomination/119/825?format=json
119,PN834,,Navy,2026-02-11,True,Received in the Senate and referred to the Committee on Armed Services.,2026-02-11,https://api.congress.gov/v3/nomination/119/834?format=json
119,PN837,,Navy,2026-02-11,True,Received in the Senate and referred to the Committee on Armed Services.,2026-02-11,https://api.congress.gov/v3/nomination/119/837?format=json
119,PN830,,Air Force,2026-02-11,True,Received in the Senate and referred to the Committee on Armed Services.,2026-02-11,https://api.congress.gov/v3/nomination/119/830?format=json
119,PN844,,Navy,2026-02-11,True,Received in the Senate and referred to the Committee on Armed Services.,2026-02-11,https://api.congress.gov/v3/nomination/119/844?format=json
119,PN841,,Navy,2026-02-11,True,Received in the Senate and referred to the Committee on Armed Services.,2026-02-11,https://api.congress.gov/v3/nomination/119/841?format=json
119,PN842,,Navy,2026-02-11,True,Received in the Senate and referred to the Committee on Armed Services.,2026-02-11,https://api.congress.gov/v3/nomination/119/842?format=json
119,PN840,,Navy,2026-02-11,True,Received in the Senate and referred to the Committee on Armed Services.,2026-02-11,https://api.congress.gov/v3/nomination/119/840?format=json
119,PN838,,Navy,2026-02-11,True,Received in the Senate and referred to the Committee on Armed Services.,2026-02-11,https://api.congress.gov/v3/nomination/119/838?format=json
119,PN832,,Army,2026-02-11,True,Received in the Senate and referred to the Committee on Armed Services.,2026-02-11,https://api.congress.gov/v3/nomination/119/832?format=json
119,PN843,,Navy,2026-02-11,True,Received in the Senate and referred to the Committee on Armed Services.,2026-02-11,https://api.congress.gov/v3/nomination/119/843?format=json
119,PN839,,Navy,2026-02-11,True,Received in the Senate and referred to the Committee on Armed Services.,2026-02-11,https://api.congress.gov/v3/nomination/119/839?format=json
119,PN835,,Navy,2026-02-11,True,Received in the Senate and referred to the Committee on Armed Services.,2026-02-11,https://api.congress.gov/v3/nomination/119/835?format=json
119,PN845,,Coast Guard,2026-02-11,True,"Received in the Senate and referred to the Committee on Commerce, Science, and Transportation.",2026-02-11,https://api.congress.gov/v3/nomination/119/845?format=json
119,PN836,,Navy,2026-02-11,True,Received in the Senate and referred to the Committee on Armed Services.,2026-02-11,https://api.congress.gov/v3/nomination/119/836?format=json
119,PN833,,Navy,2026-02-11,True,Received in the Senate and referred to the Committee on Armed Services.,2026-02-11,https://api.congress.gov/v3/nomination/119/833?format=json
119,PN831,,Air Force,2026-02-11,True,Received in the Senate and referred to the Committee on Armed Services.,2026-02-11,https://api.congress.gov/v3/nomination/119/831?format=json
119,PN846,,Coast Guard,2026-02-11,True,"Received in the Senate and referred to the Committee on Commerce, Science, and Transportation.",2026-02-11,https://api.congress.gov/v3/nomination/119/846?format=json
119,PN711,,Army,2025-12-15,True,Placed on Senate Executive Calendar. Calendar No. 655. Subject to nominee's commitment to respond to requests to appear and testify before any duly constituted committee of the Senate.,2026-02-10,https://api.congress.gov/v3/nomination/119/711?format=json
119,PN726-4,"Daniel E. Burrows, of Colorado, to be an Assistant Attorney General, vice Aaron Reitz, resigned.",Department of Justice,2026-01-05,True,Confirmed by the Senate by Yea-Nay Vote. 52 - 46. Record Vote Number: 34.,2026-02-10,https://api.congress.gov/v3/nomination/119/726-4?format=json
119,PN675,,Coast Guard,2025-12-01,True,Confirmed by the Senate by Voice Vote.,2026-02-05,https://api.congress.gov/v3/nomination/119/675?format=json
119,PN677-1,,Coast Guard,2025-12-01,True,Confirmed by the Senate by Voice Vote.,2026-02-05,https://api.congress.gov/v3/nomination/119/677-1?format=json
119,PN621,,Coast Guard,2025-10-23,True,Confirmed by the Senate by Voice Vote.,2026-02-05,https://api.congress.gov/v3/nomination/119/621?format=json
119,PN646,"Daniel E. Burrows, of Colorado, to be an Assistant Attorney General, vice Aaron Reitz, resigned.",Department of Justice,2025-11-05,True,"Returned to the President under the provisions of Senate Rule XXXI, paragraph 6 of the Standing Rules of the Senate.",2026-01-03,https://api.congress.gov/v3/nomination/119/646?format=json
119,PN676,,Coast Guard,2025-12-01,True,Confirmed by the Senate by Voice Vote.,2026-02-05,https://api.congress.gov/v3/nomination/119/676?format=json
119,PN682,,Coast Guard,2025-12-02,True,Confirmed by the Senate by Voice Vote.,2026-02-05,https://api.congress.gov/v3/nomination/119/682?format=json
119,PN698,,Coast Guard,2025-12-10,True,Confirmed by the Senate by Voice Vote.,2026-02-05,https://api.congress.gov/v3/nomination/119/698?format=json
119,PN697,,Coast Guard,2025-12-10,True,Confirmed by the Senate by Voice Vote.,2026-02-05,https://api.congress.gov/v3/nomination/119/697?format=json
119,PN726-9,"Brian Charles Lea, of Tennessee, to be United States District Judge for the Western District of Tennessee, vice John Thomas Fowlkes, Jr., retired.",The Judiciary,2026-01-05,True,Confirmed by the Senate by Yea-Nay Vote. 50 - 46. Record Vote Number: 30.,2026-02-05,https://api.congress.gov/v3/nomination/119/726-9?format=json
119,PN726-11,"Justin R. Olson, of Indiana, to be United States District Judge for the Southern District of Indiana, vice Jane E. Magnus-Stinson, retired.",The Judiciary,2026-01-05,True,Confirmed by the Senate by Yea-Nay Vote. 50 - 47. Record Vote Number: 32.,2026-02-05,https://api.congress.gov/v3/nomination/119/726-11?format=json
119,PN730-27,"Thomas Govan, Jr., of Alabama, to be United States Attorney for the Middle District of Alabama for the term of four years, vice Louis V. Franklin, Sr., term expired.",Department of Justice,2026-01-13,True,Placed on Senate Executive Calendar. Calendar No. 652.,2026-02-05,https://api.congress.gov/v3/nomination/119/730-27?format=json
119,PN726-8,"Zachary Keller, of Louisiana, to be United States Attorney for the Western District of Louisiana for the term of four years, vice Brandon B. Brown.",Department of Justice,2026-01-05,True,Placed on Senate Executive Calendar. Calendar No. 653.,2026-02-05,https://api.congress.gov/v3/nomination/119/726-8?format=json
119,PN730-56,"Ryan Raybould, of Texas, to be United States Attorney for the Northern District of Texas for the term of four years, vice Leigha Simonton.",Department of Justice,2026-01-13,True,Placed on Senate Executive Calendar. Calendar No. 654.,2026-02-05,https://api.congress.gov/v3/nomination/119/730-56?format=json
119,PN726-2,"Megan Blair Benton, of Missouri, to be United States District Judge for the Western District of Missouri, vice  M. Douglas Harpool, retiring.",The Judiciary,2026-01-05,True,Confirmed by the Senate by Yea-Nay Vote. 51 - 46. Record Vote Number: 28.,2026-02-04,https://api.congress.gov/v3/nomination/119/726-2?format=json
119,PN792,"Michael McDonald, of the District of Columbia, to be Chairperson of the National Endowment for the Humanities for a term of four years, vice Shelly C. Lowe.",National Endowment for the Humanities,2026-02-04,True,"Received in the Senate and referred to the Committee on Health, Education, Labor, and Pensions.",2026-02-04,https://api.congress.gov/v3/nomination/119/792?format=json
119,PN787-5,"Christopher R. Wolfe, of Texas, to be United States District Judge for the Western District of Texas, vice David Campos Guaderrama, retired.",The Judiciary,2026-01-29,True,Committee on the Judiciary. Hearings held.,2026-02-04,https://api.congress.gov/v3/nomination/119/787-5?format=json
119,PN787-3,"John Thomas Shepherd, of Arkansas, to be United States District Judge for the Western District of Arkansas, vice Susan Owens Hickey, retiring.",The Judiciary,2026-01-29,True,Committee on the Judiciary. Hearings held.,2026-02-04,https://api.congress.gov/v3/nomination/119/787-3?format=json
119,PN730-14,"Robert Cekada, of Florida, to be Director, Bureau of Alcohol, Tobacco, Firearms, and Explosives, vice Steven M. Dettelbach, resigned.",Department of Justice,2026-01-13,True,Committee on the Judiciary. Hearings held.,2026-02-04,https://api.congress.gov/v3/nomination/119/730-14?format=json
119,PN726-12,"Aaron Christian Peterson, of Alaska, to be United States District Judge for the District of Alaska, vice Timothy Mark Burgess, retired.",The Judiciary,2026-01-05,True,Confirmed by the Senate by Yea-Nay Vote. 58 - 39. Record Vote Number: 26.,2026-02-04,https://api.congress.gov/v3/nomination/119/726-12?format=json
119,PN787-1,"Andrew B. Davis, of Texas, to be United States District Judge for the Western District of Texas, vice Earl Leroy Yeakel III, retired.",The Judiciary,2026-01-29,True,Committee on the Judiciary. Hearings held.,2026-02-04,https://api.congress.gov/v3/nomination/119/787-1?format=json
119,PN795,,Marine Corps,2026-02-04,True,Received in the Senate and referred to the Committee on Armed Services.,2026-02-04,https://api.congress.gov/v3/nomination/119/795?format=json
119,PN787-4,"Anna St. John, of Louisiana, to be United States District Judge for the Eastern District of Louisiana, vice Sarah S. Vance, retired.",The Judiciary,2026-01-29,True,Committee on the Judiciary. Hearings held.,2026-02-04,https://api.congress.gov/v3/nomination/119/787-4?format=json
119,PN793,,Marine Corps,2026-02-04,True,Received in the Senate and referred to the Committee on Armed Services.,2026-02-04,https://api.congress.gov/v3/nomination/119/793?format=json
119,PN794,,Army,2026-02-04,True,Received in the Senate and referred to the Committee on Armed Services.,2026-02-04,https://api.congress.gov/v3/nomination/119/794?format=json
119,PN796,,Marine Corps,2026-02-04,True,Received in the Senate and referred to the Committee on Armed Services.,2026-02-04,https://api.congress.gov/v3/nomination/119/796?format=json
119,PN797,,Marine Corps,2026-02-04,True,Received in the Senate and referred to the Committee on Armed Services.,2026-02-04,https://api.congress.gov/v3/nomination/119/797?format=json
119,PN801,,Marine Corps,2026-02-04,True,Received in the Senate and referred to the Committee on Armed Services.,2026-02-04,https://api.congress.gov/v3/nomination/119/801?format=json
119,PN798,,Marine Corps,2026-02-04,True,Received in the Senate and referred to the Committee on Armed Services.,2026-02-04,https://api.congress.gov/v3/nomination/119/798?format=json
119,PN799,,Marine Corps,2026-02-04,True,Received in the Senate and referred to the Committee on Armed Services.,2026-02-04,https://api.congress.gov/v3/nomination/119/799?format=json
119,PN803,,Marine Corps,2026-02-04,True,Received in the Senate and referred to the Committee on Armed Services.,2026-02-04,https://api.congress.gov/v3/nomination/119/803?format=json
119,PN800,,Marine Corps,2026-02-04,True,Received in the Senate and referred to the Committee on Armed Services.,2026-02-04,https://api.congress.gov/v3/nomination/119/800?format=json
119,PN802,,Marine Corps,2026-02-04,True,Received in the Senate and referred to the Committee on Armed Services.,2026-02-04,https://api.congress.gov/v3/nomination/119/802?format=json
119,PN804,,Marine Corps,2026-02-04,True,Received in the Senate and referred to the Committee on Armed Services.,2026-02-04,https://api.congress.gov/v3/nomination/119/804?format=json
119,PN677-2,,Coast Guard,2025-12-01,True,"Received in the Senate and referred to the Committee on Commerce, Science, and Transportation.",2025-12-01,https://api.congress.gov/v3/nomination/119/677-2?format=json
119,PN730-22,"Daniel Edwards, of North Carolina, to be an Assistant Secretary of Transportation, vice Carol Annette Petsonk, resigned.",Department of Transportation,2026-01-13,True,Placed on Senate Executive Calendar. Calendar No. 648. Subject to nominee's commitment to respond to requests to appear and testify before any duly constituted committee of the Senate.,2026-02-03,https://api.congress.gov/v3/nomination/119/730-22?format=json
119,PN730-19,"John DeLeeuw, of Texas, to be a Member of the National Transportation Safety Board for the remainder of the term expiring December 31, 2026, vice Alvin Brown.",National Transportation Safety Board,2026-01-13,True,Placed on Senate Executive Calendar. Calendar No. 647. Subject to nominee's commitment to respond to requests to appear and testify before any duly constituted committee of the Senate.,2026-02-03,https://api.congress.gov/v3/nomination/119/730-19?format=json
119,PN730-31,"Robert Harvey, of Florida, to be a Federal Maritime Commissioner for a term expiring June 30, 2029, vice Carl Whitney Bentzel, term expired.",Federal Maritime Commission,2026-01-13,True,Placed on Senate Executive Calendar. Calendar No. 650. Subject to nominee's commitment to respond to requests to appear and testify before any duly constituted committee of the Senate.,2026-02-03,https://api.congress.gov/v3/nomination/119/730-31?format=json
119,PN726-5,"David Clay Fowlkes, of Arkansas, to be United States District Judge for the Western District of Arkansas, vice Paul Kinloch Holmes III, retired.",The Judiciary,2026-01-05,True,Confirmed by the Senate by Yea-Nay Vote. 54 - 40. Record Vote Number: 22.,2026-02-03,https://api.congress.gov/v3/nomination/119/726-5?format=json
119,PN726-6,"Nicholas Jon Ganjei, of Texas, to be United States District Judge for the Southern District of Texas, vice Lynn N. Hughes, retired.",The Judiciary,2026-01-05,True,Confirmed by the Senate by Yea-Nay Vote. 51 - 45. Record Vote Number: 24.,2026-02-03,https://api.congress.gov/v3/nomination/119/726-6?format=json
119,PN730-29,"Steven Haines, of Virginia, to be an Assistant Secretary of Commerce, vice Grant T. Harris, resigned.",Department of Commerce,2026-01-13,True,Placed on Senate Executive Calendar. Calendar No. 649. Subject to nominee's commitment to respond to requests to appear and testify before any duly constituted committee of the Senate.,2026-02-03,https://api.congress.gov/v3/nomination/119/730-29?format=json
119,PN730-46,"Ryan McCormack, of Virginia, to be Under Secretary of Transportation for Policy, vice Carlos Alberto Monje, Jr.",Department of Transportation,2026-01-13,True,Placed on Senate Executive Calendar. Calendar No. 651. Subject to nominee's commitment to respond to requests to appear and testify before any duly constituted committee of the Senate.,2026-02-03,https://api.congress.gov/v3/nomination/119/730-46?format=json
119,PN786-5,"Frank Garcia, of Virginia, to be a Member of the Board of Directors of the African Development Foundation for a term expiring September 22, 2031, vice Morgan W. Davis, term expired.",African Development Foundation,2026-01-29,True,"Placed on Senate Executive Calendar in the Privileged Nomination section with nominee information requested by the Committee on Foreign Relations, pursuant to S.Res. 116, 112th Congress.",2026-01-29,https://api.congress.gov/v3/nomination/119/786-5?format=json
119,PN685,,Marine Corps,2025-12-10,True,Confirmed by the Senate by Voice Vote.,2026-01-30,https://api.congress.gov/v3/nomination/119/685?format=json
119,PN702,,Air Force,2025-12-15,True,Confirmed by the Senate by Voice Vote.,2026-01-30,https://api.congress.gov/v3/nomination/119/702?format=json
119,PN712-5,,Air Force,2025-12-15,True,Confirmed by the Senate by Voice Vote.,2026-01-30,https://api.congress.gov/v3/nomination/119/712-5?format=json
119,PN709-2,,Army,2025-12-15,True,Placed on Senate Executive Calendar. Calendar No. 645.,2026-01-30,https://api.congress.gov/v3/nomination/119/709-2?format=json
119,PN720,,Army,2025-12-15,True,Confirmed by the Senate by Voice Vote.,2026-01-30,https://api.congress.gov/v3/nomination/119/720?format=json
119,PN713,,Marine Corps,2025-12-15,True,Confirmed by the Senate by Voice Vote.,2026-01-30,https://api.congress.gov/v3/nomination/119/713?format=json
119,PN715-2,,Marine Corps,2025-12-15,True,Confirmed by the Senate by Voice Vote.,2026-01-30,https://api.congress.gov/v3/nomination/119/715-2?format=json
119,PN709-1,,Army,2025-12-15,True,Confirmed by the Senate by Voice Vote.,2026-01-30,https://api.congress.gov/v3/nomination/119/709-1?format=json
119,PN712-3,,Army,2025-12-15,True,Confirmed by the Senate by Voice Vote.,2026-01-30,https://api.congress.gov/v3/nomination/119/712-3?format=json
119,PN703,,Air Force,2025-12-15,True,Confirmed by the Senate by Voice Vote.,2026-01-30,https://api.congress.gov/v3/nomination/119/703?format=json
119,PN710,,Army,2025-12-15,True,Confirmed by the Senate by Voice Vote.,2026-01-30,https://api.congress.gov/v3/nomination/119/710?format=json
119,PN715-1,,Navy,2025-12-15,True,Confirmed by the Senate by Voice Vote.,2026-01-30,https://api.congress.gov/v3/nomination/119/715-1?format=json
119,PN719,,Army,2025-12-15,True,Confirmed by the Senate by Voice Vote.,2026-01-30,https://api.congress.gov/v3/nomination/119/719?format=json
119,PN729,,Marine Corps,2026-01-08,True,Confirmed by the Senate by Voice Vote.,2026-01-30,https://api.congress.gov/v3/nomination/119/729?format=json
119,PN731,,Air Force,2026-01-13,True,Confirmed by the Senate by Voice Vote.,2026-01-30,https://api.congress.gov/v3/nomination/119/731?format=json
119,PN728,,Army,2026-01-08,True,Confirmed by the Senate by Voice Vote.,2026-01-30,https://api.congress.gov/v3/nomination/119/728?format=json
119,PN727,,Air Force,2026-01-08,True,Confirmed by the Senate by Voice Vote.,2026-01-30,https://api.congress.gov/v3/nomination/119/727?format=json
119,PN732,,Air Force,2026-01-13,True,Confirmed by the Senate by Voice Vote.,2026-01-30,https://api.congress.gov/v3/nomination/119/732?format=json
119,PN733,,Air Force,2026-01-13,True,Confirmed by the Senate by Voice Vote.,2026-01-30,https://api.congress.gov/v3/nomination/119/733?format=json
119,PN735,,Air Force,2026-01-13,True,Confirmed by the Senate by Voice Vote.,2026-01-30,https://api.congress.gov/v3/nomination/119/735?format=json
119,PN736,,Air Force,2026-01-13,True,Confirmed by the Senate by Voice Vote.,2026-01-30,https://api.congress.gov/v3/nomination/119/736?format=json
119,PN737,,Army,2026-01-13,True,Confirmed by the Senate by Voice Vote.,2026-01-30,https://api.congress.gov/v3/nomination/119/737?format=json
119,PN739,,Army,2026-01-13,True,Confirmed by the Senate by Voice Vote.,2026-01-30,https://api.congress.gov/v3/nomination/119/739?format=json
119,PN734,,Air Force,2026-01-13,True,Confirmed by the Senate by Voice Vote.,2026-01-30,https://api.congress.gov/v3/nomination/119/734?format=json
119,PN738,,Army,2026-01-13,True,Confirmed by the Senate by Voice Vote.,2026-01-30,https://api.congress.gov/v3/nomination/119/738?format=json
119,PN750,,Marine Corps,2026-01-13,True,Confirmed by the Senate by Voice Vote.,2026-01-30,https://api.congress.gov/v3/nomination/119/750?format=json
119,PN745,,Army,2026-01-13,True,Confirmed by the Senate by Voice Vote.,2026-01-30,https://api.congress.gov/v3/nomination/119/745?format=json
119,PN754,,Marine Corps,2026-01-13,True,Confirmed by the Senate by Voice Vote.,2026-01-30,https://api.congress.gov/v3/nomination/119/754?format=json
119,PN749,,Marine Corps,2026-01-13,True,Confirmed by the Senate by Voice Vote.,2026-01-30,https://api.congress.gov/v3/nomination/119/749?format=json
119,PN744,,Army,2026-01-13,True,Confirmed by the Senate by Voice Vote.,2026-01-30,https://api.congress.gov/v3/nomination/119/744?format=json
119,PN743,,Army,2026-01-13,True,Confirmed by the Senate by Voice Vote.,2026-01-30,https://api.congress.gov/v3/nomination/119/743?format=json
119,PN742,,Army,2026-01-13,True,Confirmed by the Senate by Voice Vote.,2026-01-30,https://api.congress.gov/v3/nomination/119/742?format=json
119,PN748,,Marine Corps,2026-01-13,True,Confirmed by the Senate by Voice Vote.,2026-01-30,https://api.congress.gov/v3/nomination/119/748?format=json
119,PN755,,Marine Corps,2026-01-13,True,Confirmed by the Senate by Voice Vote.,2026-01-30,https://api.congress.gov/v3/nomination/119/755?format=json
119,PN758,,Marine Corps,2026-01-13,True,Confirmed by the Senate by Voice Vote.,2026-01-30,https://api.congress.gov/v3/nomination/119/758?format=json
119,PN740,,Army,2026-01-13,True,Confirmed by the Senate by Voice Vote.,2026-01-30,https://api.congress.gov/v3/nomination/119/740?format=json
119,PN747,,Marine Corps,2026-01-13,True,Confirmed by the Senate by Voice Vote.,2026-01-30,https://api.congress.gov/v3/nomination/119/747?format=json
119,PN757,,Marine Corps,2026-01-13,True,Confirmed by the Senate by Voice Vote.,2026-01-30,https://api.congress.gov/v3/nomination/119/757?format=json
119,PN761,,Navy,2026-01-13,True,Confirmed by the Senate by Voice Vote.,2026-01-30,https://api.congress.gov/v3/nomination/119/761?format=json
119,PN763,,Navy,2026-01-13,True,Confirmed by the Senate by Voice Vote.,2026-01-30,https://api.congress.gov/v3/nomination/119/763?format=json
119,PN762,,Navy,2026-01-13,True,Confirmed by the Senate by Voice Vote.,2026-01-30,https://api.congress.gov/v3/nomination/119/762?format=json
119,PN760,,Marine Corps,2026-01-13,True,Confirmed by the Senate by Voice Vote.,2026-01-30,https://api.congress.gov/v3/nomination/119/760?format=json
119,PN746,,Army,2026-01-13,True,Confirmed by the Senate by Voice Vote.,2026-01-30,https://api.congress.gov/v3/nomination/119/746?format=json
119,PN741,,Army,2026-01-13,True,Confirmed by the Senate by Voice Vote.,2026-01-30,https://api.congress.gov/v3/nomination/119/741?format=json
119,PN756,,Marine Corps,2026-01-13,True,Confirmed by the Senate by Voice Vote.,2026-01-30,https://api.congress.gov/v3/nomination/119/756?format=json
119,PN783,,Navy,2026-01-15,True,Confirmed by the Senate by Voice Vote.,2026-01-30,https://api.congress.gov/v3/nomination/119/783?format=json
119,PN777,,Army,2026-01-15,True,Confirmed by the Senate by Voice Vote.,2026-01-30,https://api.congress.gov/v3/nomination/119/777?format=json
119,PN767,,Navy,2026-01-13,True,Confirmed by the Senate by Voice Vote.,2026-01-30,https://api.congress.gov/v3/nomination/119/767?format=json
119,PN768,,Navy,2026-01-13,True,Confirmed by the Senate by Voice Vote.,2026-01-30,https://api.congress.gov/v3/nomination/119/768?format=json
119,PN782,,Navy,2026-01-15,True,Confirmed by the Senate by Voice Vote.,2026-01-30,https://api.congress.gov/v3/nomination/119/782?format=json
119,PN765,,Navy,2026-01-13,True,Confirmed by the Senate by Voice Vote.,2026-01-30,https://api.congress.gov/v3/nomination/119/765?format=json
119,PN776,,Army,2026-01-15,True,Confirmed by the Senate by Voice Vote.,2026-01-30,https://api.congress.gov/v3/nomination/119/776?format=json
119,PN770-2,,Air Force,2026-01-15,True,Confirmed by the Senate by Voice Vote.,2026-01-30,https://api.congress.gov/v3/nomination/119/770-2?format=json
119,PN772,,Army,2026-01-15,True,Confirmed by the Senate by Voice Vote.,2026-01-30,https://api.congress.gov/v3/nomination/119/772?format=json
119,PN784,,Navy,2026-01-15,True,Confirmed by the Senate by Voice Vote.,2026-01-30,https://api.congress.gov/v3/nomination/119/784?format=json
119,PN773-2,,Navy,2026-01-15,True,Confirmed by the Senate by Voice Vote.,2026-01-30,https://api.congress.gov/v3/nomination/119/773-2?format=json
119,PN770-1,,Army,2026-01-15,True,Confirmed by the Senate by Voice Vote.,2026-01-30,https://api.congress.gov/v3/nomination/119/770-1?format=json
119,PN771-1,,Army,2026-01-15,True,Confirmed by the Senate by Voice Vote.,2026-01-30,https://api.congress.gov/v3/nomination/119/771-1?format=json
119,PN775,,Army,2026-01-15,True,Confirmed by the Senate by Voice Vote.,2026-01-30,https://api.congress.gov/v3/nomination/119/775?format=json
119,PN773-1,,Marine Corps,2026-01-15,True,Confirmed by the Senate by Voice Vote.,2026-01-30,https://api.congress.gov/v3/nomination/119/773-1?format=json
119,PN770-4,,Marine Corps,2026-01-15,True,Confirmed by the Senate by Voice Vote.,2026-01-30,https://api.congress.gov/v3/nomination/119/770-4?format=json
119,PN774,,Air Force,2026-01-15,True,Confirmed by the Senate by Voice Vote.,2026-01-30,https://api.congress.gov/v3/nomination/119/774?format=json
119,PN766,,Navy,2026-01-13,True,Confirmed by the Senate by Voice Vote.,2026-01-30,https://api.congress.gov/v3/nomination/119/766?format=json
119,PN779,,Army,2026-01-15,True,Confirmed by the Senate by Voice Vote.,2026-01-30,https://api.congress.gov/v3/nomination/119/779?format=json
119,PN764,,Navy,2026-01-13,True,Confirmed by the Senate by Voice Vote.,2026-01-30,https://api.congress.gov/v3/nomination/119/764?format=json
119,PN778,,Army,2026-01-15,True,Confirmed by the Senate by Voice Vote.,2026-01-30,https://api.congress.gov/v3/nomination/119/778?format=json
119,PN785,,Navy,2026-01-15,True,Confirmed by the Senate by Voice Vote.,2026-01-30,https://api.congress.gov/v3/nomination/119/785?format=json
119,PN605,"Jennifer Wicks McNamara, of Virginia, to be Ambassador Extraordinary and Plenipotentiary of the United States of America to the Socialist Republic of Vietnam.",Department of State,2025-10-20,True,"Returned to the President under the provisions of Senate Rule XXXI, paragraph 6 of the Standing Rules of the Senate.",2026-01-03,https://api.congress.gov/v3/nomination/119/605?format=json
119,PN712-4,,Army,2025-12-15,True,Received in the Senate and referred to the Committee on Armed Services.,2025-12-15,https://api.congress.gov/v3/nomination/119/712-4?format=json
119,PN712-1,,Army,2025-12-15,True,Received in the Senate and referred to the Committee on Armed Services.,2025-12-15,https://api.congress.gov/v3/nomination/119/712-1?format=json
119,PN712-2,,Air Force,2025-12-15,True,Received in the Senate and referred to the Committee on Armed Services.,2025-12-15,https://api.congress.gov/v3/nomination/119/712-2?format=json
119,PN712-6,,Air Force,2025-12-15,True,Received in the Senate and referred to the Committee on Armed Services.,2025-12-15,https://api.congress.gov/v3/nomination/119/712-6?format=json
119,PN730-41,"Gregory LoGerfo, of Massachusetts, a Career Member of the Senior Foreign Service, Class of Minister-Counselor, to be Coordinator for Counterterrorism, with the rank and status of Ambassador at Large, vice Elizabeth H. Richard.",Department of State,2026-01-13,True,Placed on Senate Executive Calendar. Calendar No. 621. Subject to nominee's commitment to respond to requests to appear and testify before any duly constituted committee of the Senate.,2026-01-29,https://api.congress.gov/v3/nomination/119/730-41?format=json
119,PN730-48,"Eric Meyer, of California, to be Ambassador Extraordinary and Plenipotentiary of the United States of America to the Democratic Socialist Republic of Sri Lanka.",Department of State,2026-01-13,True,Placed on Senate Executive Calendar. Calendar No. 622. Subject to nominee's commitment to respond to requests to appear and testify before any duly constituted committee of the Senate.,2026-01-29,https://api.congress.gov/v3/nomination/119/730-48?format=json
119,PN730-66,"Frank Weiland, of the District of Columbia, to be an Assistant Secretary of State (International Narcotics and Law Enforcement Affairs), vice Todd D. Robinson.",Department of State,2026-01-13,True,Placed on Senate Executive Calendar. Calendar No. 624. Subject to nominee's commitment to respond to requests to appear and testify before any duly constituted committee of the Senate.,2026-01-29,https://api.congress.gov/v3/nomination/119/730-66?format=json
119,PN730-67,"Jennifer Wicks McNamara, of Virginia, to be Ambassador Extraordinary and Plenipotentiary of the United States of America to the Socialist Republic of Vietnam.",Department of State,2026-01-13,True,Placed on Senate Executive Calendar. Calendar No. 623. Subject to nominee's commitment to respond to requests to appear and testify before any duly constituted committee of the Senate.,2026-01-29,https://api.congress.gov/v3/nomination/119/730-67?format=json
119,PN770-3,,Marine Corps,2026-01-15,True,Received in the Senate and referred to the Committee on Armed Services.,2026-01-15,https://api.congress.gov/v3/nomination/119/770-3?format=json
119,PN771-2,,Army,2026-01-15,True,Received in the Senate and referred to the Committee on Armed Services.,2026-01-15,https://api.congress.gov/v3/nomination/119/771-2?format=json
119,PN770-5,,Marine Corps,2026-01-15,True,Received in the Senate and referred to the Committee on Armed Services.,2026-01-15,https://api.congress.gov/v3/nomination/119/770-5?format=json
119,PN786-2,"Troy Edgar, of California, to be Ambassador Extraordinary and Plenipotentiary of the United States of America to the Republic of El Salvador.",Department of State,2026-01-29,True,Received in the Senate and referred to the Committee on Foreign Relations.,2026-01-29,https://api.congress.gov/v3/nomination/119/786-2?format=json
119,PN786-1,"Brett Doyle, of Connecticut, to be a Member of the United States International Trade Commission for a term expiring December 16, 2030, vice Rhonda K. Schmidtlein, term expired.",United States International Trade Commission,2026-01-29,True,Received in the Senate and referred to the Committee on Finance.,2026-01-29,https://api.congress.gov/v3/nomination/119/786-1?format=json
119,PN786-8,"David LaCerte, of Louisiana, to be a Member of the Federal Energy Regulatory Commission for a term expiring June 30, 2031.  (Reappointment)",Federal Energy Regulatory Commission,2026-01-29,True,Received in the Senate and referred to the Committee on Energy and Natural Resources.,2026-01-29,https://api.congress.gov/v3/nomination/119/786-8?format=json
119,PN786-4,"Frank Garcia, of Virginia, to be an Assistant Secretary of State (African Affairs), vice Mary Catherine Phee.",Department of State,2026-01-29,True,Received in the Senate and referred to the Committee on Foreign Relations.,2026-01-29,https://api.congress.gov/v3/nomination/119/786-4?format=json
119,PN786-3,"David Foley, Jr., of Virginia, to be a Member of the United States International Trade Commission for a term expiring June 16, 2032, vice Amy Karpel, term expired.",United States International Trade Commission,2026-01-29,True,Received in the Senate and referred to the Committee on Finance.,2026-01-29,https://api.congress.gov/v3/nomination/119/786-3?format=json
119,PN786-7,"Melissa Holyoak, of Utah, to be United States Attorney for the District of Utah for the term of four years, vice Trina A. Higgins.",Department of Justice,2026-01-29,True,Received in the Senate and referred to the Committee on the Judiciary.,2026-01-29,https://api.congress.gov/v3/nomination/119/786-7?format=json
119,PN786-6,"Arthur Graham, of Florida, to be a Member of the Board of Directors of the Tennessee Valley Authority for a term expiring May 18, 2031.  (Reappointment)",Tennessee Valley Authority,2026-01-29,True,Received in the Senate and referred to the Committee on Environment and Public Works.,2026-01-29,https://api.congress.gov/v3/nomination/119/786-6?format=json
119,PN786-10,"Michael Vance, of Virginia, to be an Assistant Secretary of State (Intelligence and Research), vice Brett M. Holmgren, resigned.",Department of State,2026-01-29,True,Received in the Senate and referred to the Select Committee on Intelligence.,2026-01-29,https://api.congress.gov/v3/nomination/119/786-10?format=json
119,PN787-2,"Sharon E. Goodie, of the District of Columbia, to be an Associate Judge of the Superior Court of the District of Columbia for the term of fifteen years, vice Anthony C. Epstein, retired.",The Judiciary,2026-01-29,True,Received in the Senate and referred to the Committee on Homeland Security and Governmental Affairs.,2026-01-29,https://api.congress.gov/v3/nomination/119/787-2?format=json
119,PN786-11,"Douglas Weaver, of Maryland, to be a Member of the Nuclear Regulatory Commission for the term of five years expiring June 30, 2031.  (Reappointment)",Nuclear Regulatory Commission,2026-01-29,True,Received in the Senate and referred to the Committee on Environment and Public Works.,2026-01-29,https://api.congress.gov/v3/nomination/119/786-11?format=json
119,PN786-9,"Colin McDonald, of California, to be an Assistant Attorney General, vice Todd Sunhwae Kim.",Department of Justice,2026-01-29,True,Received in the Senate and referred to the Committee on the Judiciary.,2026-01-29,https://api.congress.gov/v3/nomination/119/786-9?format=json
119,PN788,,Air Force,2026-01-29,True,Received in the Senate and referred to the Committee on Armed Services.,2026-01-29,https://api.congress.gov/v3/nomination/119/788?format=json
119,PN790,,Army,2026-01-29,True,Received in the Senate and referred to the Committee on Armed Services.,2026-01-29,https://api.congress.gov/v3/nomination/119/790?format=json
119,PN789,,Army,2026-01-29,True,Received in the Senate and referred to the Committee on Armed Services.,2026-01-29,https://api.congress.gov/v3/nomination/119/789?format=json
119,PN791,,Coast Guard,2026-01-29,True,"Received in the Senate and referred to the Committee on Commerce, Science, and Transportation.",2026-01-29,https://api.congress.gov/v3/nomination/119/791?format=json
119,PN12-35,"Kashyap Patel, of Nevada, to be Director of the Federal Bureau of Investigation for a term of ten years, vice Christopher A. Wray, resigned.",Department of Justice,2025-01-20,True,Confirmed by the Senate by Yea-Nay Vote. 51 - 49. Record Vote Number: 61.,2025-02-20,https://api.congress.gov/v3/nomination/119/12-35?format=json
119,PN730-64,"Russell Vought, of Virginia, to be a Member of the Board of Directors of the African Development Foundation for a term expiring September 22, 2027, vice Linda I. Etim, term expired.",African Development Foundation,2026-01-13,True,Referred to the Committee on Foreign Relations as requested by Senator Booker.,2026-01-28,https://api.congress.gov/v3/nomination/119/730-64?format=json
119,PN730-55,"Laken Rapier, of Texas, to be a Member of the Board of Directors of the African Development Foundation for a term expiring September 27, 2027, vice Linda Thomas-Greenfield, term expired.",African Development Foundation,2026-01-13,True,Referred to the Committee on Foreign Relations as requested by Senator Murphy.,2026-01-27,https://api.congress.gov/v3/nomination/119/730-55?format=json
119,PN730-34,"Kenneth Jackson, of Texas, to be a Member of the Board of Directors of the Inter-American Foundation for a term expiring September 20, 2028, vice Hector E. Morales, term expired.",Inter-American Foundation,2026-01-13,True,Referred to the Committee on Foreign Relations as requested by Senator Murphy.,2026-01-27,https://api.congress.gov/v3/nomination/119/730-34?format=json
119,PN730-65,"Russell Vought, of Virginia, to be a Member of the Board of Directors of the Inter-American Foundation for a term expiring September 20, 2030, vice J. Kelly Ryan, term expired.",Inter-American Foundation,2026-01-13,True,Referred to the Committee on Foreign Relations as requested by Senator Kaine.,2026-01-15,https://api.congress.gov/v3/nomination/119/730-65?format=json
119,PN726-3,"William Boyle, of North Carolina, to be United States Attorney for the Eastern District of North Carolina for the term of four years, vice Michael F. Easley, Jr.",Department of Justice,2026-01-05,True,Placed on Senate Executive Calendar. Calendar No. 616.,2026-01-15,https://api.congress.gov/v3/nomination/119/726-3?format=json
119,PN726-1,"Andrew Benson, of Maine, to be United States Attorney for the District of Maine for the term of four years, vice Darcie N. McElwee.",Department of Justice,2026-01-05,True,Placed on Senate Executive Calendar. Calendar No. 615.,2026-01-15,https://api.congress.gov/v3/nomination/119/726-1?format=json
119,PN726-14,"Darin Smith, of Wyoming, to be United States Attorney for the District of Wyoming for the term of four years, vice Mark A. Klaassen, term expired.",Department of Justice,2026-01-05,True,Placed on Senate Executive Calendar. Calendar No. 620.,2026-01-15,https://api.congress.gov/v3/nomination/119/726-14?format=json
119,PN726-7,"Kevin Holmes, of Arkansas, to be United States Attorney for the Western District of Arkansas for the term of four years, vice Duane A. Kees, term expired.",Department of Justice,2026-01-05,True,Placed on Senate Executive Calendar. Calendar No. 617.,2026-01-15,https://api.congress.gov/v3/nomination/119/726-7?format=json
119,PN726-13,"Richard Price, of Missouri, to be United States Attorney for the Western District of Missouri for the term of four years, vice Timothy A. Garrison, term expired.",Department of Justice,2026-01-05,True,Placed on Senate Executive Calendar. Calendar No. 619.,2026-01-15,https://api.congress.gov/v3/nomination/119/726-13?format=json
119,PN726-10,"Brian David Miller, of Pennsylvania, to be United States Attorney for the Middle District of Pennsylvania for the term of four years, vice Gerard M. Karam.",Department of Justice,2026-01-05,True,Placed on Senate Executive Calendar. Calendar No. 618.,2026-01-15,https://api.congress.gov/v3/nomination/119/726-10?format=json
119,PN780,,Army,2026-01-15,True,Received in the Senate and referred to the Committee on Armed Services.,2026-01-15,https://api.congress.gov/v3/nomination/119/780?format=json
119,PN781,,Army,2026-01-15,True,Received in the Senate and referred to the Committee on Armed Services.,2026-01-15,https://api.congress.gov/v3/nomination/119/781?format=json
119,PN730-3,"Matthew Anderson, of Colorado, to be Deputy Administrator of the National Aeronautics and Space Administration, vice Pamela A. Melroy, resigned.",National Aeronautics and Space Administration,2026-01-13,True,"Received in the Senate and referred to the Committee on Commerce, Science, and Transportation.",2026-01-13,https://api.congress.gov/v3/nomination/119/730-3?format=json
119,PN730-9,"James Bishop, of North Carolina, to be United States Attorney for the Middle District of North Carolina for the term of four years, vice Sandra J. Hairston.",Department of Justice,2026-01-13,True,Received in the Senate and referred to the Committee on the Judiciary.,2026-01-13,https://api.congress.gov/v3/nomination/119/730-9?format=json
119,PN730-10,"Daniel Bonham, of Oregon, to be an Assistant Secretary of Labor, vice Elizabeth Schoff Watson, resigned.",Department of Labor,2026-01-13,True,"Placed on Senate Executive Calendar in the Privileged Nomination section with nominee information requested by the Committee on Health, Education, Labor, and Pensions, pursuant to S.Res. 116, 112th Congress.",2026-01-13,https://api.congress.gov/v3/nomination/119/730-10?format=json
119,PN730-2,"Charlton Allen, of North Carolina, to be General Counsel of the Federal Labor Relations Authority for a term of five years, vice Julia Akins Clark, term expired.",Federal Labor Relations Authority,2026-01-13,True,Received in the Senate and referred to the Committee on Homeland Security and Governmental Affairs.,2026-01-13,https://api.congress.gov/v3/nomination/119/730-2?format=json
119,PN730-6,"Lee Beaman, of Tennessee, to be a Member of the Board of Directors of the Tennessee Valley Authority for a term expiring May 18, 2030, vice Joe H. Ritch, term expired.",Tennessee Valley Authority,2026-01-13,True,Received in the Senate and referred to the Committee on Environment and Public Works.,2026-01-13,https://api.congress.gov/v3/nomination/119/730-6?format=json
119,PN730-5,"Brian Barber, of Louisiana, to be United States Marshal for the Western District of Louisiana for the term of four years, vice Henry Lee Whitehorn, Sr., term expired.",Department of Justice,2026-01-13,True,Received in the Senate and referred to the Committee on the Judiciary.,2026-01-13,https://api.congress.gov/v3/nomination/119/730-5?format=json
119,PN730-1,"Ademola Adewale-Sadik, of New York, to be United States Director of the African Development Bank for a term of five years, vice Oren E. Whyche-Shaw.",African Development Bank,2026-01-13,True,Received in the Senate and referred to the Committee on Foreign Relations.,2026-01-13,https://api.congress.gov/v3/nomination/119/730-1?format=json
119,PN730-4,"Jeffrey Anderson, of Georgia, to be Representative of the United States of America on the Council of the International Civil Aviation Organization, with the rank of Ambassador.",Department of State,2026-01-13,True,Received in the Senate and referred to the Committee on Foreign Relations.,2026-01-13,https://api.congress.gov/v3/nomination/119/730-4?format=json
119,PN730-11,"John Breslow, of Arizona, to be Ambassador Extraordinary and Plenipotentiary of the United States of America to the Republic of Cyprus.",Department of State,2026-01-13,True,Received in the Senate and referred to the Committee on Foreign Relations.,2026-01-13,https://api.congress.gov/v3/nomination/119/730-11?format=json
119,PN730-8,"Brian Birdwell, of Texas, to be an Assistant Secretary of Defense, vice Christopher Joseph Lowman.",Department of Defense,2026-01-13,True,Received in the Senate and referred to the Committee on Armed Services.,2026-01-13,https://api.congress.gov/v3/nomination/119/730-8?format=json
119,PN730-7,"Scott Bessent, of South Carolina, to be United States Governor of the European Bank for Reconstruction and Development; United States Governor of the Inter-American Development Bank for a term of five years; United States Governor of the International Bank for Reconstruction and Development for a term of five years; and United States Governor of the International Monetary Fund for a term of five years, vice Steven T. Mnuchin.",European Bank for Reconstruction and Development,2026-01-13,True,Received in the Senate and referred to the Committee on Foreign Relations.,2026-01-13,https://api.congress.gov/v3/nomination/119/730-7?format=json
119,PN730-16,"Carter Crow, of Texas, to be General Counsel of the Equal Employment Opportunity Commission for a term of four years, vice Karla Ann Gilbride.",Equal Employment Opportunity Commission,2026-01-13,True,"Received in the Senate and referred to the Committee on Health, Education, Labor, and Pensions.",2026-01-13,https://api.congress.gov/v3/nomination/119/730-16?format=json
119,PN730-21,"Mark Ditlevson, of Minnesota, to be an Assistant Secretary of Defense, vice Melissa Griffin Dalton, resigned.",Department of Defense,2026-01-13,True,Received in the Senate and referred to the Committee on Armed Services.,2026-01-13,https://api.congress.gov/v3/nomination/119/730-21?format=json
119,PN730-20,"Irving Dennis, of Ohio, to be Chief Financial Officer, Department of Housing and Urban Development, vice Vinay Vijay Singh, resigned.",Department of Housing and Urban Development,2026-01-13,True,"Placed on Senate Executive Calendar in the Privileged Nomination section with nominee information requested by the Committee on Banking, Housing, and Urban Affairs, pursuant to S.Res. 116, 112th Congress.",2026-01-13,https://api.congress.gov/v3/nomination/119/730-20?format=json
119,PN730-15,"Walter Clayton, of New York, to be United States Attorney for the Southern District of New York for the term of four years, vice Damian Williams.",Department of Justice,2026-01-13,True,Received in the Senate and referred to the Committee on the Judiciary.,2026-01-13,https://api.congress.gov/v3/nomination/119/730-15?format=json
119,PN730-17,"Austin Dahmer, of Arizona, to be an Assistant Secretary of Defense, vice Mara Elizabeth Karlin.",Department of Defense,2026-01-13,True,Received in the Senate and referred to the Committee on Armed Services.,2026-01-13,https://api.congress.gov/v3/nomination/119/730-17?format=json
119,PN730-18,"Christopher Michael De Bono, of the District of Columbia, to be an Associate Judge of the Superior Court of the District of Columbia for the term of fifteen years, vice Heidi M. Pasichow, retired.",The Judiciary,2026-01-13,True,Received in the Senate and referred to the Committee on Homeland Security and Governmental Affairs.,2026-01-13,https://api.congress.gov/v3/nomination/119/730-18?format=json
119,PN730-23,"Edward Eppler, of Connecticut, to be Chief Financial Officer, Department of Transportation, vice Victoria Marie Baecher Wassmer, resigned.",Department of Transportation,2026-01-13,True,"Placed on Senate Executive Calendar in the Privileged Nomination section with nominee information requested by the Committee on Commerce, Science, and Transportation, pursuant to S.Res. 116, 112th Congress.",2026-01-13,https://api.congress.gov/v3/nomination/119/730-23?format=json
119,PN730-33,"George Holding, of North Carolina, to be United States Director of the European Bank for Reconstruction and Development, vice J. Steven Dowd.",European Bank for Reconstruction and Development,2026-01-13,True,Received in the Senate and referred to the Committee on Foreign Relations.,2026-01-13,https://api.congress.gov/v3/nomination/119/730-33?format=json
119,PN730-32,"William Hewes III, of Mississippi, to be a Commissioner of the Consumer Product Safety Commission for a term of seven years from October 27, 2024, vice Douglas Dziak, resigned.",Consumer Product Safety Commission,2026-01-13,True,"Received in the Senate and referred to the Committee on Commerce, Science, and Transportation.",2026-01-13,https://api.congress.gov/v3/nomination/119/730-32?format=json
119,PN730-26,"Brian Gootkin, of Montana, to be United States Marshal for the District of Montana for the term of four years, vice Craig J. Anderson.",Department of Justice,2026-01-13,True,Received in the Senate and referred to the Committee on the Judiciary.,2026-01-13,https://api.congress.gov/v3/nomination/119/730-26?format=json
119,PN730-25,"Gregory Gilmore, of Illinois, to be United States Attorney for the Central District of Illinois for the term of four years, vice Gregory K. Harris.",Department of Justice,2026-01-13,True,Received in the Senate and referred to the Committee on the Judiciary.,2026-01-13,https://api.congress.gov/v3/nomination/119/730-25?format=json
119,PN730-24,"Paul Ferguson, of West Virginia, to be United States Marshal for the Northern District of West Virginia for the term of four years, vice J. C. Raffety, term expired.",Department of Justice,2026-01-13,True,Received in the Senate and referred to the Committee on the Judiciary.,2026-01-13,https://api.congress.gov/v3/nomination/119/730-24?format=json
119,PN730-28,"Michael Graham, of Virginia, to be a Member of the National Transportation Safety Board for a term expiring December 31, 2030.  (Reappointment)",National Transportation Safety Board,2026-01-13,True,"Received in the Senate and referred to the Committee on Commerce, Science, and Transportation.",2026-01-13,https://api.congress.gov/v3/nomination/119/730-28?format=json
119,PN730-30,"Lindsey Robyn-Michelle Halligan, of Colorado, to be United States Attorney for the Eastern District of Virginia for the term of four years, vice Jessica D. Aber.",Department of Justice,2026-01-13,True,Received in the Senate and referred to the Committee on the Judiciary.,2026-01-13,https://api.congress.gov/v3/nomination/119/730-30?format=json
119,PN730-35,"Jeffrey Kaufmann, of Iowa, to be a Member of the Board of Directors of the Federal Agricultural Mortgage Corporation, vice Chester John Culver.",Federal Agricultural Mortgage Corporation,2026-01-13,True,"Placed on Senate Executive Calendar in the Privileged Nomination section with nominee information requested by the Committee on Agriculture, Nutrition, and Forestry, pursuant to S.Res. 116, 112th Congress.",2026-01-13,https://api.congress.gov/v3/nomination/119/730-35?format=json
119,PN730-40,"Lee Lipton, of Florida, to be Ambassador Extraordinary and Plenipotentiary of the United States of America to the Republic of the Philippines.",Department of State,2026-01-13,True,Received in the Senate and referred to the Committee on Foreign Relations.,2026-01-13,https://api.congress.gov/v3/nomination/119/730-40?format=json
119,PN730-39,"Benjamin Landa, of New York, to be Ambassador Extraordinary and Plenipotentiary of the United States of America to Hungary.",Department of State,2026-01-13,True,Received in the Senate and referred to the Committee on Foreign Relations.,2026-01-13,https://api.congress.gov/v3/nomination/119/730-39?format=json
119,PN730-42,"Anthony Lomangino, of Florida, to be a Governor of the United States Postal Service for a term expiring December 8, 2031, vice Roman Martinez IV, term expired.",United States Postal Service,2026-01-13,True,Received in the Senate and referred to the Committee on Homeland Security and Governmental Affairs.,2026-01-13,https://api.congress.gov/v3/nomination/119/730-42?format=json
119,PN730-36,"Michael Kavoukjian, of Florida, to be Ambassador Extraordinary and Plenipotentiary of the United States of America to the Kingdom of Norway.",Department of State,2026-01-13,True,Received in the Senate and referred to the Committee on Foreign Relations.,2026-01-13,https://api.congress.gov/v3/nomination/119/730-36?format=json
119,PN730-38,"Sriprakash Kothari, of Massachusetts, to be an Assistant Secretary of the Treasury, vice Benjamin Harris, resigned.",Department of the Treasury,2026-01-13,True,Received in the Senate and referred to the Committee on Finance.,2026-01-13,https://api.congress.gov/v3/nomination/119/730-38?format=json
119,PN730-37,"Richard Kloster, of West Virginia, to be a Member of the Surface Transportation Board for a term expiring December 31, 2028, vice Martin J. Oberman, term expired.",Surface Transportation Board,2026-01-13,True,"Received in the Senate and referred to the Committee on Commerce, Science, and Transportation.",2026-01-13,https://api.congress.gov/v3/nomination/119/730-37?format=json
119,PN730-44,"Priscilla Lopez, of Florida, to be United States Marshal for the Southern District of Florida for the term of four years, vice Gadyaces S. Serralta, term expired.",Department of Justice,2026-01-13,True,Received in the Senate and referred to the Committee on the Judiciary.,2026-01-13,https://api.congress.gov/v3/nomination/119/730-44?format=json
119,PN730-52,"Stevan Pearce, of New Mexico, to be Director of the Bureau of Land Management, vice Tracy Stone-Manning, resigned.",Department of the Interior,2026-01-13,True,Received in the Senate and referred to the Committee on Energy and Natural Resources.,2026-01-13,https://api.congress.gov/v3/nomination/119/730-52?format=json
119,PN730-54,"Arvind Raman, of Indiana, to be Under Secretary of Commerce for Standards and Technology, vice Laurie E. Locascio, resigned.",Department of Commerce,2026-01-13,True,"Received in the Senate and referred to the Committee on Commerce, Science, and Transportation.",2026-01-13,https://api.congress.gov/v3/nomination/119/730-54?format=json
119,PN730-53,"Sean Plankey, of Pennsylvania, to be Director of the Cybersecurity and Infrastructure Security Agency, Department of Homeland Security, vice Jen Easterly, resigned.",Department of Homeland Security,2026-01-13,True,Received in the Senate and referred to the Committee on Homeland Security and Governmental Affairs.,2026-01-13,https://api.congress.gov/v3/nomination/119/730-53?format=json
119,PN730-51,"Seval Oz, of California, to be an Assistant Secretary of Transportation.  (New Position)",Department of Transportation,2026-01-13,True,"Received in the Senate and referred to the Committee on Commerce, Science, and Transportation.",2026-01-13,https://api.congress.gov/v3/nomination/119/730-51?format=json
119,PN730-57,"Robert Rotter, of Iowa, to be United States Marshal for the Northern District of Iowa for the term of four years, vice Douglas J. Strike, term expired.",Department of Justice,2026-01-13,True,Received in the Senate and referred to the Committee on the Judiciary.,2026-01-13,https://api.congress.gov/v3/nomination/119/730-57?format=json
119,PN730-50,"Jared Novelly, of Missouri, to be Ambassador Extraordinary and Plenipotentiary of the United States of America to New Zealand, and to serve concurrently and without additional compensation as Ambassador Extraordinary and Plenipotentiary of the United States of America to the Independent State of Samoa, the Cook Islands, and Niue.",Department of State,2026-01-13,True,Received in the Senate and referred to the Committee on Foreign Relations.,2026-01-13,https://api.congress.gov/v3/nomination/119/730-50?format=json
119,PN730-47,"Casey Means, of California, to be Medical Director in the Regular Corps of the Public Health Service, subject to qualifications therefor as provided by law and regulations, and to be Surgeon General of the Public Health Service for a term of four years, vice Vivek Hallegere Murthy, resigned.",Public Health Service,2026-01-13,True,"Received in the Senate and referred to the Committee on Health, Education, Labor, and Pensions.",2026-01-13,https://api.congress.gov/v3/nomination/119/730-47?format=json
119,PN730-45,"David MacNeil, of Florida, to be a Federal Trade Commissioner for the term of seven years from September 26, 2025, vice Melissa Holyoak, term expired.",Federal Trade Commission,2026-01-13,True,"Received in the Senate and referred to the Committee on Commerce, Science, and Transportation.",2026-01-13,https://api.congress.gov/v3/nomination/119/730-45?format=json
119,PN730-49,"Joseph Nocella, of New York, to be United States Attorney for the Eastern District of New York for the term of four years, vice Breon S. Peace.",Department of Justice,2026-01-13,True,Received in the Senate and referred to the Committee on the Judiciary.,2026-01-13,https://api.congress.gov/v3/nomination/119/730-49?format=json
